IP Address,Port,Code,Country,Anonymity,Google,Https,Last Checked
181.57.185.14,47776,CO,Colombia,elite proxy,no,yes,1 minute ago
196.200.29.170,38189,KE,Kenya,elite proxy,no,yes,1 minute ago
67.206.202.138,53281,PR,Puerto Rico,elite proxy,no,yes,1 minute ago
200.150.68.74,47509,BR,Brazil,elite proxy,no,yes,1 minute ago
37.255.236.129,5220,IR,Iran,elite proxy,no,no,1 minute ago
113.53.231.133,3129,TH,Thailand,anonymous,no,no,1 minute ago
194.9.27.82,42720,UA,Ukraine,elite proxy,no,no,1 minute ago
103.251.36.41,80,HK,Hong Kong,anonymous,no,no,1 minute ago
103.225.228.233,58732,BD,Bangladesh,elite proxy,no,no,1 minute ago
168.232.198.205,32009,BR,Brazil,elite proxy,no,no,1 minute ago
192.162.142.52,35448,UA,Ukraine,elite proxy,no,no,1 minute ago
193.251.9.141,80,FR,France,elite proxy,no,no,1 minute ago
43.245.194.182,53036,BD,Bangladesh,elite proxy,no,no,1 minute ago
130.185.237.227,48128,BG,Bulgaria,elite proxy,no,no,1 minute ago
103.51.26.233,38268,IN,India,elite proxy,no,no,1 minute ago
27.116.61.46,34587,KH,Cambodia,elite proxy,no,no,1 minute ago
196.43.235.42,53281,NG,Nigeria,elite proxy,no,no,1 minute ago
5.56.18.35,38827,DE,Germany,elite proxy,no,no,1 minute ago
107.175.18.37,80,US,United States,anonymous,no,no,1 minute ago
173.46.67.172,58517,US,United States,elite proxy,no,no,1 minute ago
125.254.65.162,8080,AU,Australia,elite proxy,no,no,1 minute ago
210.18.140.146,8080,IN,India,elite proxy,no,no,1 minute ago
185.147.57.246,80,LV,Latvia,transparent,no,no,1 minute ago
164.77.134.13,8080,CL,Chile,transparent,no,no,1 minute ago
103.76.59.16,53281,IN,India,transparent,no,no,1 minute ago
103.218.26.203,8080,BD,Bangladesh,transparent,no,no,1 minute ago
103.94.169.19,8080,ID,Indonesia,transparent,no,no,1 minute ago
185.164.111.197,8888,DE,Germany,transparent,no,no,1 minute ago
185.21.223.220,56336,CZ,Czech Republic,elite proxy,no,no,1 minute ago
177.94.240.197,32809,BR,Brazil,elite proxy,no,no,1 minute ago
197.220.101.242,56182,KE,Kenya,elite proxy,no,yes,1 minute ago
117.242.37.100,44748,IN,India,elite proxy,no,yes,1 minute ago
78.61.157.167,51452,LT,Lithuania,elite proxy,no,yes,2 minutes ago
118.175.136.82,38323,TH,Thailand,elite proxy,no,yes,2 minutes ago
212.34.254.34,45755,AM,Armenia,elite proxy,no,yes,2 minutes ago
176.241.85.82,58872,IQ,Iraq,elite proxy,no,yes,2 minutes ago
45.115.171.228,50982,IN,India,elite proxy,no,yes,2 minutes ago
103.8.115.27,58962,PK,Pakistan,elite proxy,no,yes,2 minutes ago
213.148.167.32,48727,RU,Russian Federation,elite proxy,no,yes,2 minutes ago
154.118.54.150,61740,NG,Nigeria,elite proxy,no,yes,2 minutes ago
170.80.184.110,45093,BR,Brazil,elite proxy,no,yes,2 minutes ago
95.161.9.41,40323,RU,Russian Federation,elite proxy,no,yes,2 minutes ago
103.9.191.6,38461,KH,Cambodia,elite proxy,no,yes,2 minutes ago
31.28.5.123,33283,RU,Russian Federation,elite proxy,no,yes,2 minutes ago
187.87.241.25,49515,BR,Brazil,elite proxy,no,yes,2 minutes ago
176.65.84.113,49692,IT,Italy,elite proxy,no,yes,2 minutes ago
1.10.186.48,48585,TH,Thailand,elite proxy,no,yes,2 minutes ago
139.255.116.122,35128,ID,Indonesia,elite proxy,no,yes,2 minutes ago
194.87.148.177,50420,RU,Russian Federation,elite proxy,no,yes,2 minutes ago
80.255.91.38,30143,RU,Russian Federation,elite proxy,no,yes,2 minutes ago
66.96.242.6,40485,ID,Indonesia,elite proxy,no,yes,2 minutes ago
103.28.243.11,40255,KH,Cambodia,elite proxy,no,yes,2 minutes ago
111.92.164.254,55288,ID,Indonesia,elite proxy,no,yes,2 minutes ago
186.3.202.47,53088,EC,Ecuador,elite proxy,no,yes,2 minutes ago
111.92.166.14,56738,ID,Indonesia,elite proxy,no,yes,2 minutes ago
185.163.62.121,43940,FR,France,elite proxy,no,yes,2 minutes ago
41.217.219.53,52096,MW,Malawi,elite proxy,no,yes,2 minutes ago
213.219.232.106,59461,RU,Russian Federation,elite proxy,no,yes,2 minutes ago
36.66.83.153,31699,ID,Indonesia,elite proxy,no,yes,2 minutes ago
111.68.31.50,42653,ID,Indonesia,elite proxy,no,yes,2 minutes ago
212.139.190.90,32228,GB,United Kingdom,elite proxy,no,yes,2 minutes ago
201.251.17.228,61712,AR,Argentina,elite proxy,no,yes,2 minutes ago
117.196.237.204,30773,IN,India,elite proxy,no,yes,2 minutes ago
182.53.206.138,38234,TH,Thailand,elite proxy,no,yes,2 minutes ago
182.52.22.125,51320,TH,Thailand,elite proxy,no,yes,2 minutes ago
41.221.107.110,31264,MW,Malawi,elite proxy,no,yes,2 minutes ago
179.189.225.58,37716,BR,Brazil,elite proxy,no,yes,2 minutes ago
87.244.176.213,53915,UA,Ukraine,elite proxy,no,yes,2 minutes ago
182.52.51.15,56860,TH,Thailand,elite proxy,no,yes,2 minutes ago
62.212.58.31,57228,GE,Georgia,elite proxy,no,yes,2 minutes ago
202.58.199.170,55389,ID,Indonesia,elite proxy,no,yes,2 minutes ago
62.201.253.42,38145,IQ,Iraq,elite proxy,no,yes,2 minutes ago
203.110.84.178,48100,IN,India,elite proxy,no,yes,2 minutes ago
187.189.59.181,52943,MX,Mexico,elite proxy,no,yes,2 minutes ago
77.235.135.82,32253,LB,Lebanon,elite proxy,no,yes,2 minutes ago
110.93.230.218,44080,PK,Pakistan,elite proxy,no,yes,2 minutes ago
87.248.177.49,38476,MD,"Moldova, Republic of",elite proxy,no,yes,2 minutes ago
81.24.82.246,37839,RU,Russian Federation,elite proxy,no,yes,2 minutes ago
185.3.183.107,53281,RU,Russian Federation,elite proxy,no,yes,2 minutes ago
94.75.104.218,41258,PL,Poland,elite proxy,no,yes,2 minutes ago
182.160.124.26,47304,BD,Bangladesh,elite proxy,no,yes,2 minutes ago
45.64.178.27,23500,IN,India,elite proxy,no,yes,2 minutes ago
170.247.203.228,59361,BR,Brazil,elite proxy,no,yes,2 minutes ago
103.23.119.60,50391,IN,India,elite proxy,no,yes,2 minutes ago
197.219.200.20,59370,MZ,Mozambique,elite proxy,no,yes,2 minutes ago
186.249.213.106,57108,BR,Brazil,elite proxy,no,yes,2 minutes ago
45.226.165.199,55640,BR,Brazil,elite proxy,no,yes,2 minutes ago
36.89.242.130,33400,ID,Indonesia,elite proxy,no,yes,2 minutes ago
117.196.237.49,55042,IN,India,elite proxy,no,yes,2 minutes ago
179.108.196.48,34699,BR,Brazil,elite proxy,no,yes,2 minutes ago
170.78.206.3,55354,BR,Brazil,elite proxy,no,yes,2 minutes ago
89.119.227.211,43821,IT,Italy,elite proxy,no,yes,2 minutes ago
37.220.69.254,58569,RS,Serbia,elite proxy,no,yes,2 minutes ago
178.93.61.3,57351,UA,Ukraine,elite proxy,no,yes,2 minutes ago
202.9.121.103,32916,IN,India,elite proxy,no,yes,2 minutes ago
178.75.58.58,61212,RU,Russian Federation,elite proxy,no,yes,2 minutes ago
154.66.122.90,44191,MW,Malawi,elite proxy,no,yes,2 minutes ago
45.119.88.121,60231,IN,India,elite proxy,no,yes,2 minutes ago
45.226.166.48,38789,BR,Brazil,transparent,no,no,2 minutes ago
175.111.129.119,58466,IN,India,elite proxy,no,yes,2 minutes ago
200.37.54.10,34341,PE,Peru,elite proxy,no,yes,2 minutes ago
182.23.98.10,42877,ID,Indonesia,elite proxy,no,yes,2 minutes ago
195.32.14.194,46062,IT,Italy,elite proxy,no,yes,2 minutes ago
46.173.46.51,48979,RU,Russian Federation,elite proxy,no,yes,2 minutes ago
202.131.234.142,60932,MN,Mongolia,elite proxy,no,yes,2 minutes ago
179.127.242.97,37017,BR,Brazil,elite proxy,no,yes,2 minutes ago
196.43.235.229,59477,NG,Nigeria,elite proxy,no,yes,2 minutes ago
180.150.242.168,37375,IN,India,transparent,no,no,3 minutes ago
176.114.219.27,60186,RU,Russian Federation,transparent,no,no,3 minutes ago
37.220.68.251,42840,RS,Serbia,transparent,no,no,4 minutes ago
178.93.22.198,60795,UA,Ukraine,transparent,no,no,5 minutes ago
159.65.225.127,8080,US,United States,transparent,no,no,5 minutes ago
154.118.243.18,53177,SO,Somalia,transparent,no,no,5 minutes ago
94.231.185.97,58324,UA,Ukraine,transparent,no,no,5 minutes ago
68.64.199.162,53536,US,United States,transparent,no,no,5 minutes ago
103.193.200.92,41370,IN,India,transparent,no,no,5 minutes ago
185.73.137.51,35051,IT,Italy,transparent,no,no,5 minutes ago
1.10.188.216,61801,TH,Thailand,transparent,no,no,6 minutes ago
74.122.53.44,53420,CA,Canada,transparent,no,no,6 minutes ago
194.243.194.60,80,IT,Italy,transparent,no,no,6 minutes ago
178.93.29.165,38691,UA,Ukraine,transparent,no,no,6 minutes ago
177.8.163.190,45908,BR,Brazil,transparent,no,no,6 minutes ago
177.66.63.177,53779,BR,Brazil,transparent,no,no,6 minutes ago
103.65.193.153,50305,IN,India,transparent,no,no,8 minutes ago
191.5.177.206,59944,BR,Brazil,transparent,no,no,8 minutes ago
202.91.89.73,48406,IN,India,transparent,no,no,8 minutes ago
45.71.150.81,40195,BR,Brazil,transparent,no,no,8 minutes ago
45.77.197.49,8118,US,United States,transparent,no,no,8 minutes ago
131.108.62.252,53256,BR,Brazil,transparent,no,no,8 minutes ago
191.36.141.33,40494,BR,Brazil,transparent,no,no,9 minutes ago
177.152.55.58,53533,BR,Brazil,transparent,no,no,9 minutes ago
163.53.150.230,32759,BD,Bangladesh,transparent,no,no,9 minutes ago
115.79.208.56,30728,VN,Vietnam,transparent,no,no,9 minutes ago
151.237.130.191,34499,ES,Spain,transparent,no,no,9 minutes ago
178.93.31.223,59605,UA,Ukraine,transparent,no,no,9 minutes ago
190.249.157.89,34207,CO,Colombia,elite proxy,no,yes,10 minutes ago
1.20.99.178,51933,TH,Thailand,elite proxy,no,yes,10 minutes ago
117.196.232.32,59601,IN,India,elite proxy,no,yes,11 minutes ago
94.136.157.121,47684,SK,Slovakia,elite proxy,no,yes,11 minutes ago
202.169.235.17,54901,ID,Indonesia,elite proxy,no,yes,11 minutes ago
185.212.127.127,36278,ES,Spain,elite proxy,no,yes,11 minutes ago
195.91.102.214,55882,SK,Slovakia,elite proxy,no,yes,11 minutes ago
84.51.0.66,46811,TR,Turkey,elite proxy,no,yes,11 minutes ago
37.9.134.137,58763,RU,Russian Federation,elite proxy,no,yes,11 minutes ago
185.2.227.146,57763,KZ,Kazakhstan,elite proxy,no,yes,11 minutes ago
117.196.238.68,61641,IN,India,elite proxy,no,yes,11 minutes ago
181.129.140.226,53602,CO,Colombia,elite proxy,no,yes,11 minutes ago
190.53.46.14,43526,SV,El Salvador,elite proxy,no,yes,11 minutes ago
84.239.2.10,44877,RO,Romania,elite proxy,no,yes,11 minutes ago
200.69.81.198,39743,CO,Colombia,elite proxy,no,yes,11 minutes ago
45.232.224.80,47070,BR,Brazil,elite proxy,no,yes,11 minutes ago
122.102.41.82,42715,ID,Indonesia,elite proxy,no,yes,11 minutes ago
86.110.175.230,58316,RU,Russian Federation,elite proxy,no,yes,11 minutes ago
36.66.218.133,46526,ID,Indonesia,elite proxy,no,yes,11 minutes ago
202.138.247.148,39076,ID,Indonesia,elite proxy,no,yes,11 minutes ago
212.23.88.243,37820,RU,Russian Federation,elite proxy,no,yes,11 minutes ago
36.67.204.74,61617,ID,Indonesia,elite proxy,no,yes,11 minutes ago
46.39.245.204,61800,RU,Russian Federation,elite proxy,no,yes,11 minutes ago
175.111.129.125,37357,IN,India,elite proxy,no,yes,11 minutes ago
180.250.157.178,46995,ID,Indonesia,elite proxy,no,yes,11 minutes ago
61.9.82.34,57402,PH,Philippines,elite proxy,no,yes,11 minutes ago
78.36.201.220,58610,RU,Russian Federation,elite proxy,no,yes,11 minutes ago
212.93.110.42,32836,LV,Latvia,elite proxy,no,yes,11 minutes ago
201.184.162.38,50640,CO,Colombia,elite proxy,no,yes,11 minutes ago
209.146.24.55,58594,PH,Philippines,elite proxy,no,yes,11 minutes ago
36.67.142.59,50173,ID,Indonesia,elite proxy,no,yes,11 minutes ago
83.171.99.160,58899,RU,Russian Federation,elite proxy,no,yes,11 minutes ago
77.121.56.165,38362,UA,Ukraine,elite proxy,no,yes,11 minutes ago
196.43.112.118,33183,ZW,Zimbabwe,elite proxy,no,yes,11 minutes ago
181.129.70.82,59417,CO,Colombia,elite proxy,no,yes,11 minutes ago
176.121.48.48,33311,RU,Russian Federation,elite proxy,no,yes,11 minutes ago
195.9.99.66,39294,RU,Russian Federation,elite proxy,no,yes,11 minutes ago
187.94.89.65,52255,BR,Brazil,elite proxy,no,yes,11 minutes ago
62.216.34.226,60325,UA,Ukraine,elite proxy,no,no,11 minutes ago
80.78.72.152,39172,AL,Albania,elite proxy,no,yes,11 minutes ago
212.126.118.26,53281,IQ,Iraq,elite proxy,no,yes,11 minutes ago
178.136.194.187,35592,UA,Ukraine,elite proxy,no,yes,11 minutes ago
200.241.65.126,38056,BR,Brazil,elite proxy,no,yes,11 minutes ago
177.66.53.223,60278,BR,Brazil,elite proxy,no,yes,11 minutes ago
103.193.254.51,36593,IN,India,elite proxy,no,yes,11 minutes ago
217.20.182.173,50149,UA,Ukraine,elite proxy,no,yes,11 minutes ago
193.232.234.175,59654,RU,Russian Federation,elite proxy,no,yes,11 minutes ago
82.147.120.40,59624,RU,Russian Federation,transparent,no,no,11 minutes ago
131.108.63.223,43297,BR,Brazil,elite proxy,no,yes,11 minutes ago
103.74.94.112,43760,IN,India,elite proxy,no,yes,11 minutes ago
83.15.108.6,49763,PL,Poland,elite proxy,no,yes,11 minutes ago
117.196.235.86,47101,IN,India,elite proxy,no,yes,11 minutes ago
202.9.123.95,30378,IN,India,elite proxy,no,yes,11 minutes ago
45.6.67.22,43209,BR,Brazil,elite proxy,no,yes,11 minutes ago
36.91.58.93,39183,ID,Indonesia,elite proxy,no,yes,11 minutes ago
41.75.66.77,50695,CG,Congo,elite proxy,no,yes,11 minutes ago
89.201.192.196,36321,HR,Croatia,elite proxy,no,yes,11 minutes ago
151.237.57.138,43722,ES,Spain,elite proxy,no,yes,11 minutes ago
37.220.69.45,35673,RS,Serbia,elite proxy,no,yes,11 minutes ago
141.105.110.139,48451,ES,Spain,elite proxy,no,yes,11 minutes ago
129.205.161.218,45803,ZA,South Africa,elite proxy,no,yes,11 minutes ago
177.11.139.12,56472,BR,Brazil,elite proxy,no,yes,11 minutes ago
45.226.167.188,60477,BR,Brazil,elite proxy,no,yes,11 minutes ago
202.169.238.203,32875,ID,Indonesia,elite proxy,no,yes,11 minutes ago
190.90.63.16,58970,CO,Colombia,elite proxy,no,yes,11 minutes ago
196.32.109.174,49194,ZA,South Africa,elite proxy,no,yes,11 minutes ago
193.85.228.178,48795,CZ,Czech Republic,elite proxy,no,yes,11 minutes ago
79.175.44.81,43517,RU,Russian Federation,elite proxy,no,yes,11 minutes ago
179.127.242.90,42545,BR,Brazil,elite proxy,no,yes,11 minutes ago
37.53.93.10,33985,UA,Ukraine,elite proxy,no,yes,11 minutes ago
45.113.153.11,54373,IN,India,elite proxy,no,yes,11 minutes ago
96.9.80.62,42612,KH,Cambodia,elite proxy,no,yes,11 minutes ago
201.148.167.246,45680,BR,Brazil,elite proxy,no,yes,11 minutes ago
103.47.93.98,33288,IN,India,transparent,no,no,11 minutes ago
177.128.124.200,57715,BR,Brazil,transparent,no,no,11 minutes ago
79.106.64.78,46693,AL,Albania,transparent,no,no,11 minutes ago
103.212.92.209,40890,IN,India,transparent,no,no,11 minutes ago
103.29.220.35,38545,IN,India,transparent,no,no,11 minutes ago
45.226.165.178,47766,BR,Brazil,transparent,no,no,11 minutes ago
177.66.53.227,46839,BR,Brazil,transparent,no,no,11 minutes ago
202.9.121.144,40570,IN,India,transparent,no,no,11 minutes ago
151.237.130.38,51166,ES,Spain,transparent,no,no,11 minutes ago
105.234.156.93,44236,MW,Malawi,transparent,no,no,11 minutes ago
151.237.57.79,39739,ES,Spain,transparent,no,no,13 minutes ago
114.5.22.54,31987,ID,Indonesia,transparent,no,no,13 minutes ago
186.224.229.105,56731,BR,Brazil,transparent,no,no,13 minutes ago
179.127.242.95,48326,BR,Brazil,transparent,no,no,13 minutes ago
102.177.96.66,41708,KE,Kenya,transparent,no,no,13 minutes ago
191.102.106.5,36896,CO,Colombia,transparent,no,no,14 minutes ago
203.124.53.249,60966,PK,Pakistan,transparent,no,no,14 minutes ago
195.222.107.89,42258,RO,Romania,transparent,no,no,14 minutes ago
185.143.137.24,30981,ES,Spain,transparent,no,no,14 minutes ago
165.73.128.236,47781,ZA,South Africa,transparent,no,no,14 minutes ago
92.51.120.42,58159,GE,Georgia,transparent,no,no,14 minutes ago
5.23.103.98,33737,RU,Russian Federation,transparent,no,no,15 minutes ago
178.94.20.147,52426,UA,Ukraine,transparent,no,no,16 minutes ago
178.93.34.245,55026,UA,Ukraine,transparent,no,no,16 minutes ago
45.226.167.85,32360,BR,Brazil,transparent,no,no,16 minutes ago
172.94.14.56,48279,DE,Germany,transparent,no,no,18 minutes ago
188.235.60.170,53400,RU,Russian Federation,transparent,no,no,18 minutes ago
131.108.62.123,49054,BR,Brazil,transparent,no,no,18 minutes ago
45.123.26.150,45647,IN,India,transparent,no,no,18 minutes ago
176.102.48.94,57154,UA,Ukraine,transparent,no,no,18 minutes ago
185.158.11.83,48126,ES,Spain,transparent,no,no,18 minutes ago
92.112.28.167,56212,UA,Ukraine,transparent,no,no,18 minutes ago
180.250.141.91,46848,ID,Indonesia,transparent,no,no,18 minutes ago
61.19.23.30,46860,TH,Thailand,elite proxy,no,yes,20 minutes ago
177.131.12.251,60829,BR,Brazil,elite proxy,no,yes,20 minutes ago
221.120.163.251,57180,KH,Cambodia,elite proxy,no,yes,20 minutes ago
1.20.99.85,41054,TH,Thailand,elite proxy,no,yes,20 minutes ago
182.16.181.90,44398,ID,Indonesia,elite proxy,no,yes,20 minutes ago
103.63.24.155,44618,IN,India,elite proxy,no,yes,20 minutes ago
101.255.32.225,55464,ID,Indonesia,elite proxy,no,yes,20 minutes ago
109.167.134.253,30710,RU,Russian Federation,elite proxy,no,yes,20 minutes ago
170.81.35.22,44624,CR,Costa Rica,elite proxy,no,yes,20 minutes ago
107.167.202.66,55787,US,United States,elite proxy,no,yes,20 minutes ago
194.183.174.152,32537,UA,Ukraine,elite proxy,no,yes,20 minutes ago
41.190.95.20,37134,MW,Malawi,elite proxy,no,yes,20 minutes ago
41.71.111.246,46725,ZA,South Africa,elite proxy,no,yes,20 minutes ago
118.175.176.137,58095,TH,Thailand,elite proxy,no,yes,20 minutes ago
95.174.124.5,41258,RU,Russian Federation,elite proxy,no,yes,20 minutes ago
186.15.233.218,45999,CR,Costa Rica,elite proxy,no,yes,20 minutes ago
203.172.185.122,41052,TH,Thailand,elite proxy,no,yes,20 minutes ago
94.102.124.207,37451,RU,Russian Federation,elite proxy,no,yes,20 minutes ago
181.129.178.34,45746,CO,Colombia,elite proxy,no,yes,20 minutes ago
190.14.158.173,34166,AR,Argentina,elite proxy,no,yes,20 minutes ago
194.44.243.186,47312,UA,Ukraine,elite proxy,no,yes,20 minutes ago
119.15.93.235,51765,KH,Cambodia,elite proxy,no,yes,20 minutes ago
190.165.166.228,36814,CO,Colombia,elite proxy,no,yes,20 minutes ago
188.237.137.9,35267,MD,"Moldova, Republic of",elite proxy,no,yes,20 minutes ago
103.204.231.210,51771,IN,India,elite proxy,no,yes,20 minutes ago
103.205.112.129,23500,IN,India,elite proxy,no,yes,20 minutes ago
46.61.156.9,30836,RU,Russian Federation,elite proxy,no,yes,20 minutes ago
36.89.244.71,56215,ID,Indonesia,elite proxy,no,yes,20 minutes ago
103.75.239.245,50495,BD,Bangladesh,elite proxy,no,yes,20 minutes ago
115.85.65.146,56344,ID,Indonesia,elite proxy,no,yes,20 minutes ago
5.2.208.119,50525,RO,Romania,elite proxy,no,yes,20 minutes ago
77.94.122.19,38110,RU,Russian Federation,elite proxy,no,yes,20 minutes ago
93.87.9.170,4550,RS,Serbia,elite proxy,no,yes,20 minutes ago
119.82.252.75,51152,KH,Cambodia,elite proxy,no,yes,20 minutes ago
103.117.213.76,51126,IN,India,elite proxy,no,yes,20 minutes ago
181.129.50.234,57853,CO,Colombia,elite proxy,no,yes,20 minutes ago
190.56.24.82,43207,GT,Guatemala,elite proxy,no,yes,20 minutes ago
176.36.214.139,55715,UA,Ukraine,elite proxy,no,yes,20 minutes ago
159.224.220.147,42727,UA,Ukraine,elite proxy,no,yes,20 minutes ago
85.132.110.127,54827,AZ,Azerbaijan,elite proxy,no,yes,20 minutes ago
170.238.239.94,58833,CO,Colombia,elite proxy,no,yes,20 minutes ago
150.242.252.66,57439,IN,India,elite proxy,no,yes,20 minutes ago
177.84.63.32,37182,BR,Brazil,elite proxy,no,yes,20 minutes ago
113.11.156.42,42253,ID,Indonesia,elite proxy,no,yes,20 minutes ago
163.53.182.148,37137,BD,Bangladesh,elite proxy,no,yes,20 minutes ago
36.37.86.60,55703,ID,Indonesia,elite proxy,no,yes,20 minutes ago
92.112.33.30,33426,UA,Ukraine,elite proxy,no,yes,20 minutes ago
185.158.11.61,52936,ES,Spain,elite proxy,no,yes,20 minutes ago
195.32.14.23,52309,IT,Italy,elite proxy,no,yes,20 minutes ago
186.219.32.250,56630,BR,Brazil,elite proxy,no,yes,20 minutes ago
131.108.62.15,55014,BR,Brazil,elite proxy,no,yes,20 minutes ago
14.143.30.202,23500,IN,India,elite proxy,no,yes,20 minutes ago
93.87.66.66,31767,RS,Serbia,elite proxy,no,yes,20 minutes ago
36.255.157.85,40299,IN,India,elite proxy,no,yes,20 minutes ago
196.32.103.155,43380,ZA,South Africa,elite proxy,no,yes,20 minutes ago
41.190.92.99,30204,MW,Malawi,elite proxy,no,yes,20 minutes ago
31.193.90.197,50540,UA,Ukraine,elite proxy,no,yes,20 minutes ago
197.232.55.224,40188,KE,Kenya,elite proxy,no,no,20 minutes ago
196.212.51.234,32557,ZA,South Africa,elite proxy,no,no,20 minutes ago
